,Zkontroloval,Název,,Metadata,,,,,,,,,,Soubory,,,Popis aktivity na web,Délka popisku
Unikátní id,,Zkratka,Plný název,Organizátor,Obor,Typ,Termín,Cílová skupina,Web,Cena,Místo konání,Kontakt,Zvýrazněno,Logo,Fotky,Práva k fotkám,,
pro vnitřní potřebu webu,jméno + datum kontroly,nepovinné,musí být vyplněn,"jméno a odkaz, dodržujte formát","matematika, informatika, vědy o Zemi, ...","jednodenní, seminář, přednášky, ...",popište obecně,"středoškoláci, základoškoláci, někdo jiný, ...",aktuální link na stránky,"jestli neni, napište zdarma",kde to bude,"obecný mail, nebo jméno + osobní mail",momentálně pro potřeby webu,nahrajte vektorové logo do složky vedle,"nahrajte 1-3 fotografie, jestli máte",mohou být fotky veřejně používány?,"v rozmezí 200-250 znaků
(je-li text příliš dlouhý nebo příliš krátký, zobrazuje se červeně)
NEpište sem informace, které už jsou v ostatních polích (název aktivity, pořádající ústav, web a pod.).",v rozmezí 200-250 znaků
HEADER,,short-name,full-name,orgs,fields,type,date,target,link,price,place,contact,highlighted,,,,annotation,
-,,,Matematika,,,,,,,,,,,,,,,
brloh,"Petr Pupík
28.6.2024",BRLOH,Brněnská logická hra,"Ústav matematiky a statistiky, PřF MU: http://www.math.muni.cz/",matematika,dlouhodobá soutěž,říjen–prosinec,žáci základních škol,http://brloh.math.muni.cz/,zdarma,Brno,"Petr Pupík, petr.pupik@gmail.com",ano,"ano, SVG",ano,ano,"Týmová internetová logická hra pro žáky základních škol a odpovídajících ročníků víceletých gymnázií. Hra se skládá ze tří internetových kol, odkud se týmy kvalifikují do internetového malého finále. Ti nejlepší pak postoupí do velkého finále v Brně.",250
komar,"Matouš Trnka
16. 6. 2024",KOMÁR,Korespondenční matematické rébusy,"Ústav matematiky a statistiky, PřF MU: http://www.math.muni.cz/; Gymnázium Brno, třída Kapitána Jaroše: https://www.jaroska.cz/",matematika,dlouhodobá soutěž,celoročně,žáci základních škol,http://komar.math.muni.cz/,zdarma,různé,"Matouš Trnka, trnka.matous@gmail.com",,"ano, SVG","ne
(pouzili jsme z webu)",ano (k fotkám zveřejným na webu Komára máme souhlas k propagaci MUNI),"Matematická soutěž, kde studenti základních škol a víceletých gymnázií během celého školního roku řeší několik sérií matematických úloh. Na to navazují víkendová soustředění plná matematických i nematematických her, zábavy a dobrodružství.",239
brkos,Radka Fojtová 15.6.2024,BRKOS,Brněnský korespondenční seminář,"Ústav matematiky a statistiky, PřF MU: http://www.math.muni.cz/",matematika,dlouhodobá soutěž,celoročně,studenti středních škol,http://brkos.math.muni.cz/,zdarma,různé,brkos@math.muni.cz,ano,"ano, PDF",ano,ano,"Seminář pro středoškoláky, kteří mají rádi matematiku a netradiční problémy. Pro nejlepší z Vás jsou nachystané zajímavé ceny a také pořádáme matematická soustředění. Úspěšným řešitelům může být prominuta přijímací zkouška na matematické obory MU.",247
maskot,"Oskar Klíma
17.6.2024",MASKOT,MAtematický Seznamovací Kurz prO maTuranty,"Ústav matematiky a statistiky, PřF MU: http://www.math.muni.cz/",matematika,vícedenní soustředění,8.–11. října 2024,studenti 3.–4. ročníků středních škol,https://www.math.muni.cz/pro-uchazece/uchazeci-bakstudium/seznamovaci-kurz.html,200 Kč,různé,seznamovak@math.muni.cz,,"ano, SVG",ano,ano,"Baví Vás matematika a přemýšlíte, jaké povolání si zvolit? MASKOT Vám ukáže možnosti studia i uplatnění matematiky, pobaví Vás při pestré škále matematických i jiných her a umožní Vám poznat Vaše potenciální budoucí spolužáky i vyučující.",238
-,nikdo - vyřazeno,MathRace,MathRace,"Ústav matematiky a statistiky, PřF MU: http://www.math.muni.cz/",matematika,jednodenní soutěž,listopad,"středoškoláci, vysokoškoláci, veřejnost",http://brkos.math.muni.cz/mathrace/,zdarma,online,brkos@math.muni.cz,,"ano, ale pouze nekvalitní PNG","ne
(pouzili jsme z webu)",--,"Matematický online závod pořádaný seminářem BRKOS. Čeká na Vás 45 úloh s 3-hodinovou časovou dotací. Primárně je soutěž určena pro středoškoláky, mimo soutěž se může zúčastnit kdokoliv. Sestavte si tým a zažijte netradiční odpoledne plné matematiky.",249
mat-exkurze,"Petr Zemánek
14. 6. 2024",-,Matematické exkurze,"Ústav matematiky a statistiky, PřF MU: http://www.math.muni.cz/",matematika,exkurze,celoročně,žáci 2. stupně ZŠ a studenti SŠ,https://science.math.muni.cz/exkurze/,zdarma,"ÚMS, Brno","Petr Zemánek, zemanekp@math.muni.cz",,neexistuje,nemame,--,"Vyrazte s námi na interaktivní exkurze do různých oblastí matematiky. Můžeme třeba společně odhalit některá tajemství světa čísel nebo můžeme prozkoumat krásu fraktálů, dynamiky a přírody. Nabídku dalších témat najdete na webu.",227
-,,,Informatika,,,,,,,,,,,,,,,
ksi,Adam Hlaváček (18. 6. 2024),KSI,Korespondenční seminář z informatiky,Fakulta informatiky MU: https://www.fi.muni.cz/; Spolek přátel severské zvěře: https://zverinec.fi.muni.cz/,informatika,korespondenční seminář,září–duben,"studenti středních škol, veřejnost",https://ksi.fi.muni.cz/,zdarma,na internetu,ksi@fi.muni.cz,ano,"ano, SVG",ano,ano,"Celoroční seminář s cílem seznámit řešitele se zajímavými oblastmi informatiky a procvičit jejich programátorské, matematické a logické myšlení. Seminář je vhodný jak pro úplné začátečníky, kteří ještě nic neprogramovali, tak pro zkušenější řešitele.",250
python-ss,Pavel Nedělník (26. 6. 2024),PYTH01,Python pro středoškoláky,Fakulta informatiky MU: https://www.fi.muni.cz/,informatika,kroužek,"září–prosinec, únor–květen",studenti středních škol se základy programování,https://is.muni.cz/go/python,zdarma,Fakulta informatiky MU,pyth@fi.muni.cz,,"ano, SVG",ano,"ano, autor Eva Růžičková, práva FI MU",Semestrální kurz programování v jazyce Python určený pro středoškoláky. Na konci tohoto kurzu bude student schopen prakticky ovládat syntaxi a sémantiku jazyka Python a využít možnosti knihovny Pygame pro tvorbu her s grafickým rozhraním.,238
-,nikdo - vyřazeno,-,Letní škola IT,Fakulta informatiky MU: https://www.fi.muni.cz/; Czechitas: https://www.czechitas.cz/,informatika,týdenní seminář,srpen,studentky středních škol (dívky) bez znalosti programování,https://www.czechitas.cz/kurzy/letni-skola-it,viz web aktivity,Fakulta informatiky MU,"Barbora Bühnová, buhnova@fi.muni.cz",,"ano, SVG",ano,ano,"Přemýšlíš, jaký obor studia zvolit po střední škole? Zkus s námi objevit informační technologie na letní škole IT, kterou organizuje nezisková organizace Czechitas ve spolupráci s Fakultou informatiky MU. Ubytování a stravování je zajištěno.",241
-,nikdo - tento ročník se neotvírá,EMBS01,Embedded systems pro středoškoláky,Fakulta informatiky MU: https://www.fi.muni.cz/,informatika,týdenní nebo blokový seminář,únor–květen,studenti středních škol se základy programování,https://is.muni.cz/ekurzy/EMBS01,zdarma,Fakulta informatiky MU,"Zdeněk Matěj, matej.zdenek@mail.muni.cz",,neexistuje,ano,ano,Zábavný kurz pro zájemce o programování jednočipových procesorů a konstrukci jednoduchých elektronických zařízení. Ukážeme si základní principy fungování elektronických zařízení a vyrobíme si vlastní domácí lampičku se vzdáleným ovládáním.,239
poznejfi,Veronika Burgerová (26. 6. 2024),-,Poznej FI,Fakulta informatiky MU: https://www.fi.muni.cz/; Spolek přátel severské zvěře: https://zverinec.fi.muni.cz/,informatika,víkendový zážitkovo-informatický seminář,únor/březen,studenti středních škol se zájmem o informatiku,https://poznej.fi.muni.cz/,zdarma,Fakulta informatiky MU,poznejfi@fi.muni.cz,,"ano, SVG",ano,ano,"Přijď si vyzkoušet, jak probíhá studium informatiky na vysoké škole. Připravili jsme pro tebe tři dny plné zážitků přímo  na Fakultě informatiky. Čekají tě odborné workshopy vedené fakultními laboratořemi i netradiční informatické hry.",235
-,,,Geologie,,,,,,,,,,,,,,,
horniny,K. Zachovalová 31.6.2024,-,Geologická olympiáda,"Ústav geologických věd, PřF MU: http://ugv.cz/",vědy o Zemi,soutěž,celoročně,studenti základních a středních škol,https://www.geologicka-olympiada.cz/,zdarma,na školách,"Kateřina Zachovalová, zachovalova@sci.muni.cz",,"ano, pouze JPG",ano,ano,"Geologická olympiáda je soutěž jednotlivců ze základních a středních škol. Soutěž proběhne stupňově v kole školním, okresním, krajském a celostátním. Nejúspěšnější řešitelé postupují do Mezinárodní olympiády věd o Zemi.",219
geologie-skola,K. Zachovalová 13.6.2024,-,Letní škola geologie,"Ústav geologických věd, PřF MU: http://ugv.cz/",vědy o Zemi,letní škola - 1 týden,červenec,studenti od 14–20 let, https://ugv.sci.muni.cz/pro-verejnost/akce-pro-skoly-a-verejnost/letni-skola-geologie,"7000 Kč (ubytování, strava, doprava)",každý rok jiné lokality ČR ,"Kateřina Zachovalová, zachovalova@sci.muni.cz",,neexistuje,ano,ano,"Prostřednictvím Letní školy geologie se snažíme u dětí rozvíjet zájem o přírodu. Pozorováním jevů v přírodě se děti naučí porozumět geologickým procesům. Navštěvujeme místa, kde najdou zajímavé vzorky hornin, minerálů a fosilií.",228
geokemp,K. Zachovalová 13.6.2024,-,Geokemp,"Ústav geologických věd, PřF MU: http://ugv.cz/",vědy o Zemi,letní škola - 1 týden (formou příměstského tábora),srpen,studenti od 11–20 let,https://ugv.sci.muni.cz/pro-verejnost/akce-pro-skoly-a-verejnost/geokemp,2000 Kč,paleontologické a mineralogické lokality okolí Brna,"Kateřina Zachovalová, zachovalova@sci.muni.cz",,neexistuje,ano,ano,"Geokemp je zaměřen na výuku paleontologie, mineralogie a geologie formou praktické výuky v terénu. K terénní praktické výuce budou využity činné lomy a lokality v oblasti Boskovic, Moravského krasu a Vysočiny. ",210
-,,,Biologie,,,,,,,,,,,,,,,
ibis,"Jan Macek, MK (13. 6. 2024)",IBIS,Interaktivní biologický seminář,"RECETOX, PřF MU: https://www.recetox.muni.cz; Ústav experimentální biologie, PřF MU: http://www.sci.muni.cz/",biologie,korespondenční seminář s víkendovým soustředěním,celoročně,studenti středních škol,http://ibis.sci.muni.cz/,zdarma,"webové rozhraní, univerzitní kampus Bohunice, Brno",ibis@sci.muni.cz,ano,"ano, SVG",ano,ano,"IBIS je interaktivní, zábavný a dobrodružný biologický seminář pro všechny středoškoláky se zápalem pro biologii. Během školního roku na vás čeká několik sad úloh z nejrůznějších biologických odvětví a víkendová soustředění.",224
-,Olga Rotreklová (9. 7. 2024),-,Týden vědy,"Ústav botaniky a zoologie, PřF MU: http://botzool.sci.muni.cz/",biologie,odpolední kurzy (jeden týden),listopad,studenti středních škol,http://botzool.sci.muni.cz/pro-skoly,zdarma,"Univerzitní kampus Bohunice, Brno","Olga Rotreklová, orotrekl@sci.muni.cz",,neexistuje,ano,ano,"Kurz zaměřený na praktické ukázky metod využívaných při sběru a vyhodnocení biologických dat. Studenti v rámci kurzů zjistí, kolik váži jádro buňky, jak vypadá moderní herbář a zoologické sbírky, jak využít data získaná analýzou DNA apod.",238
-,Olga Rotreklová (9. 7. 2024),-,Kurz biologie v Kaprálově mlýně,"Ústav botaniky a zoologie, PřF MU: http://botzool.sci.muni.cz/",biologie,víkendový kurz,červen,studenti středních škol,http://botzool.sci.muni.cz/pro-skoly,zdarma,Moravský kras - Kaprálův mlýn,"Olga Rotreklová, orotrekl@sci.muni.cz",,neexistuje,ano,ano,"Baví vás botanika nebo zoologie? Chcete se dozvědět něco o metodách, které používají při své práci profesionální botanici i zoologové a některé z nich si vyzkoušet? Pojeďte s námi do Kaprálova mlýna blízko Ochozu u Brna.
",221
-,nikdo - vyřazeno,-,Botanické exkurze,"Ústav botaniky a zoologie, PřF MU: http://botzool.sci.muni.cz/",biologie,jednodenní exkurze,květen/červen,studenti a učitelé středních škol,http://botzool.sci.muni.cz/pro-skoly,zdarma,Brno a okolí,"Olga Rotreklová, orotrekl@sci.muni.cz",,neexistuje,ano,ano,"Cílem exkurze je seznámit studenty s flórou, poznat atraktivní biotopy a rostlinné druhy, pochopit důvody a způsob ochrany přírody. Důležitou součástí exkurze je také praktické seznámení s vědeckými postupy a prací vědců v terénních podmínkách.",244
bio-prednasky,Marie Doležalová   (20.6. 2024,-,Přednášky z experimentální biologie,"Ústav experimentální biologie, PřF MU: http://www.sci.muni.cz/UEB/",biologie,přednášky a praktická cvičení,celoročně,studenti a učitelé středních škol,https://ueb.sci.muni.cz/pro-stredni-skoly,zdarma nebo dohodou,"Univerzitní kampus Bohunice, Brno","Vítězslav Bryja,
bryja@sci.muni.cz",,neexistuje,ano,ano,"Přednášky a krátké kurzy z experimentální biologie o různých tématech od vlivu abiotických faktorů prostředí na rostliny přes anatomii, fyziologii a cytologii rostlin až po imunologii, genetické modifikace a boj s rakovinou.",224
rasy-houby,Petr Hrouda (13. 6. 2024),-,"Kurz poznání našich hub, řas a vodních bezobratlých","Ústav botaniky a zoologie, PřF MU: http://botzool.sci.muni.cz/",biologie,kurz,září,studenti středních škol,http://botzool.sci.muni.cz/pro-skoly,zdarma,"Jižní Morava, každý rok v jiné lokalitě","Petr Hrouda, svata@sci.muni.cz",,neexistuje,ano,ano,"Terénní exkurze spojená s praktickou výukou poznávání přírodního materiálu. Odběr hub, řas a vodních bezobratlých, preparace a určování. Poznání různých společenstev organismů v různých ekosystémech (potoky a stojaté vody, lesy, travní porosty).",245
pred-genetika,Pavel Lízal (18.6.2024),-,Popularizační přednášky z genetiky,"Ústav experimentální biologie, PřF MU: http://www.sci.muni.cz/UEB/",biologie,přednáška,celoročně,studenti středních škol,https://pavel-lizal.webnode.cz/popularizacni-prednasky/,dohodou,Univerzitní kampus Bohunice nebo střední škola zájemce,lizal@sci.muni.cz,,neexistuje,ano,ne,"Popularizační přednášky pro ty, kteří se chtějí seznámit se zajímavými poznatky a aplikacemi z oblasti populační genetiky a paleogenetiky (např. identifikace člověka nebo historicky slavných osobností podle DNA, důkazy o křížení s Neandrtálci apod.).",250
protein-skola,Martina Damborská (14.6.2024),-,Letní škola proteinového inženýrství,"Loschmidtovy laboratoře, PřF MU: https://loschmidt.chemi.muni.cz/peg",biologie,letní škola,letos se Letní škola nekonná,studenti středních škol,https://loschmidt.chemi.muni.cz/school,zdarma,Univerzitní kampus Bohunice,martina@chemi.muni.cz,,neexistuje,ano,ano,"Jste-li student 3.–4. ročníku střední školy a baví Vás praktické využití biologie, biochemie, biotechnologie a bioinformatiky, tak jste na správné adrese! Provedeme Vás světem proteinů. Program je kombinací teorie, praxe a osobnostního rozvoje.",244
botanicka-zahrada,Magdaléna Chytrá 13.6.2024,-,Botanická zahrada PřF MU,Přírodovědecká fakulta MU: http://sci.muni.cz/bot_zahr,biologie,exkurze,září–červen,studenti a učitelé středních škol,http://www.sci.muni.cz/bot_zahr/index.php/cs-CZ/pro-skupiny/stredni-skoly,"60 Kč na osobu, 5 Kč pracovní list","Botanická zahrada PřF MU, Kotlářská 2, Brno","Magdaléna Chytrá, zahrada@sci.muni.cz",,neexistuje,ano,ano,"Ve sklenících se studenti seznámí s druhy vegetačních pásem, propojí si znalosti z botaniky, zeměpisu, chemie, zoologie, fyziologie rostlin a ekologie. Seznámení se sbírkami na zahradě je pod vedením učitele. K dispozici jsou pracovní listy.",241
bioskop-zoo,Petra Matulová (14.6.2024),-,Zoologické praktikum v Bioskopu,Bioskop: http://www.bioskop.cz; Přírodovědecká fakulta MU: http://www.sci.muni.cz,biologie,kroužek,celoročně,žáci 2. stupně základních škol,http://bioskop.muni.cz/cs/kalendar-kurzu/verejnost/nabidka-kurzu/zoologicke-praktikum-v-bioskopu,zdarma/test,"Univerzitní kampus Bohunice, Brno",bioskop@muni.cz,,"ano, PDF",ano,?,"Jak funguje včelí úl? Kteří živočichové přežijí var? Jak vypadá křídlo motýla pod mikroskopem? Proč se klíště drží jako klíště? Pokud Vás zajímají odpovědi, rádi byste vše viděli na vlastní oči a sami si vyzkoušeli, přihlaste se na tento kroužek.",246
dna-klub,Petra Matulová (14.6.2024),-,DNA klub,Bioskop: http://www.bioskop.cz; Přírodovědecká fakulta MU: http://www.sci.muni.cz,biologie,kroužek,září–leden,studenti středních škol,http://bioskop.muni.cz/cs/kalendar-kurzu/verejnost/nabidka-kurzu/kurz-molekularni-biologie-a-biochemie-pr-stredoskolske-studenty,zdarma,"Univerzitní kampus Bohunice, Brno",bioskop@muni.cz,,"ano, PDF",ano,?,"Tématem je centrální dogma molekulární biologie. V experimentální části si vyzkoušíte techniky molekulární biologie a biochemie. V teoretické budeme diskutovat o tom, co je vlastně věda, jak se stát vědcem, jak získávat a jak prezentovat informace.",248
bioskop-veda,Petra Matulová (14.6.2024),-,Vědecké projekty pro středoškoláky,Bioskop: http://www.bioskop.cz; Přírodovědecká fakulta MU: http://www.sci.muni.cz,biologie,jednodenní kurz,únor,studenti středních škol,http://bioskop.muni.cz/cs/kalendar-kurzu/verejnost/nabidka-kurzu/vedecke-projekty-pro-stredoskolaky,zdarma,"Univerzitní kampus Bohunice, Brno",bioskop@muni.cz,,"ano, PDF",ano,?,"Projekt je určen pro středoškolské studenty, kteří mají zájem svou SOČ z oblasti biologie a chemie zpracovat ve vědecké laboratoři. Jde o praktický kurz v Bioskopu a setkání s vedoucími, kteří představí svá témata Středoškolské odborné činnosti.",245
bioteren,Petra Matulová (14.6.2024),-,Terénní biologové v akci,"Ústav botaniky a zoologie, PřF MU: http://botzool.sci.muni.cz/; Bioskop: http://www.bioskop.muni.cz",biologie,kroužek/exkurze,celoročně,studenti středních škol,https://bioskop.muni.cz/cs/kalendar-kurzu/verejnost/nabidka-kurzu/terenni-biologove-v%C2%A0akci-novinka,zdarma,"Univerzitní kampus Bohunice (Brno), exkurze po Brně",bioskop@muni.cz,,"ano, PDF",ano,?,"Kurz pro zájemce o botaniku a zoologii. Studenti se seznámí s běžnými i vzácnějšími druhy rostlin, živočichů a hub jak na exkurzích, tak i následně při práci v laboratoři. Kurz se koná jednou za měsíc.",201
-,,,Biochemie,,,,,,,,,,,,,,,
biochem,David Novák (1.7.2024),-,Semináře z biochemie,"Ústav biochemie, PřF MU: http://www.ubch.sci.muni.cz/","biologie, chemie",jednodenní seminář ,celoročně,studenti a učitelé středních škol,https://ubch.sci.muni.cz/pro-verejnost,zdarma,"Univerzitní kampus Bohunice, Brno","David Novák
dnovak@sci.muni.cz",,neexistuje,ano,ano,Jednodenní semináře přibližují jednotlivé problematiky biochemie a umožňují vyzkoušet si některé experimenty přímo v laboratoři. Po předchozí domluvě jsme rovněž schopni zajistit školám komentované prohlídky laboratoří nebo popularizační přednášky. ,249
biochemik-junior,David Novák (1.7.2024),-,Biochemik Junior – Biochemický výzkum pro nadané studenty SŠ,"Ústav biochemie, PřF MU: http://www.ubch.sci.muni.cz/","biologie, chemie",čtyřdenní praktický kurz,září,studenti středních škol,https://ubch.sci.muni.cz/pro-verejnost/biochemik-junior,zdarma,"Univerzitní kampus Bohunice, Brno","David Novák
dnovak@sci.muni.cz",,"zatím neexistuje,
ale bude",ano,ano,"Zajímá vás biochemie a láká Vás si na pár dní vyzkoušet práci vědce? Nabízíme vám unikátní příležitost vyzkoušet si široké spektrum metod využívaných v současné biochemii, DNA diagnostice, bioanalytické chemii a strukturní biologii.",232
-,,,Chemie,,,,,,,,,,,,,,,
lchs,"Zdeňka Antonovičová, 13.6.2024",LCHS,Letní chemické soustředění,"SVČ Lužánky: https://www.luzanky.cz/; Ústav chemie, PřF MU: http://ustavchemie.sci.muni.cz/",chemie,letní tábor,červenec,studenti základních a středních škol (14–18 let),Letní chemické soustředění 2024,dle aktuálních informací na webu,"Univerzitní kampus Bohunice, Brno","Zdeňka Antonovičová, zdenka@luzanky.cz",,neexistuje,ne,ne,"Třináctidenní letní chemické soustředění probíhající formou letního tábora. Program zahrnuje laboratorní cvičení, přednášky, exkurze, ale i odpočinkový program (návštěva lanového centra, venkovní hry s chemickou tematikou a podobně).",233
vibuch,"Jaromír Literák, 13. 6. 2024",ViBuCh,Vzdělávací ikurz pro budoucí chemiky,"Ústav chemie, PřF MU: http://ustavchemie.sci.muni.cz/; RECETOX PřF MU: http://www.recetox.muni.cz/",chemie,korespondenční seminář,celoročně,studenti středních škol,https://vibuch.sci.muni.cz,"zdarma (eKurz, účast úspěšných řešitelů na soustředění) nebo symbolický
příspěvek za soustředění (200-300 Kč)","na internetu, Brno, okolí",vibuch@recetox.muni.cz,ano,"ano, SVG",ano,ano,"Baví tě chemie? Chceš se dozvědět o tématech současné vědy a dostat se do špičkových laboratoří? Chceš poznat spoustu dalších nadšených chemiků? Pokud je alespoň jedna odpověď ano, pojď řešit korespondenční seminář ViBuCh a jeď s námi na soustředka!",249
chem-klub,Petra Matulová (14.6.2024),-,Chemický klub,Bioskop: http:/www.bioskop.cz; Přírodovědecká fakulta MU: http://www.sci.muni.cz,chemie,kroužek,září–červen,studenti středních škol,https://bioskop.muni.cz/cs/kalendar-kurzu/verejnost/nabidka-kurzu/chemicky-klub_1-2020-2021,zdarma,"Univerzitní kampus Bohunice, Brno",bioskop@muni.cz,,"ano, PDF",ne,ne,"Náročnější pokusy pro nadšence: příprava organické a anorganické molekuly se zajímavými vlastnostmi (př.fluorescenční barviva), izolace organické látky z přírodních zdrojů a její studium s využitím instrument. technik (př. plynová chromatografie)",246
chem-krouzek,Petra Matulová (14.6.2024),-,Chemický kroužek,Bioskop: http:/www.bioskop.cz; Přírodovědecká fakulta MU: http://www.sci.muni.cz,chemie,kroužek,září–červen,žáci 2. stupně základních škol,https://bioskop.muni.cz/cs/kalendar-kurzu/verejnost/nabidka-kurzu/chemicky-krouzek-12-2022-2023-novinka,zdarma,"Univerzitní kampus Bohunice, Brno",bioskop@muni.cz,,"ano, PDF",ne,ne,"Napadlo vás, jak se cítil středověký alchymista v laboratoři, když zkoušel přeměnit běžné kovy ve zlato či nalézt kámen mudrců? Pokud ano, neváhejte se přidat k nám! Sice nezkoušíme nalézt lektvar nesmrtelnosti, ale máme spoustu nadšení a pokusů.",246
chem-kavarna,"Pavla Foltynová
(14.5.2024)",-,Chemická kavárna,"Ústav chemie, PřF MU: http://ustavchemie.sci.muni.cz/",chemie,společenské setkání s odborným programem,celoročně,"současní a budoucí učitelé, studenti středních škol, veřejnost",https://www.ucitseucit.cz/chemie/nabidka/chemicka-kavarna,zdarma,"Univerzitní kampus Bohunice, Brno","Pavla Foltynová, foltynova@chemi.muni.cz",,"ano, PNG",ne,ne,"Neformální setkání při šálku dobré kávy nad tématy z chemie či didaktiky chemie. Je to prostor k výměně zkušeností, navázání nových kontaktů s kolegy pracujícími v témže oboru a získání nových poznatků využitelných při výuce chemie.",232
-,,,Fyzika,,,,,,,,,,,,,,,
krtek,Martina Mrkvičková 30. 6. 2024,KrTeK,Kreativně-technický kroužek,Úžasné divadlo fyziky: http://www.udif.cz/; Přírodovědecká fakulta MU: http://www.sci.muni.cz/,fyzika,kroužek,celoročně,žáci 2. stupně základních škol,http://www.physics.muni.cz/kof/,900 Kč,"Přírodovědecká fakulta MU, areál Kotlářská","Martina Mrkvičková, martinamrkvickova@gmail.com",,"ano, SVG",ano,ano,"Kroužek plný experimentů a kreativní výroby. Každý týden si žáci 6.–9. tříd vyrobí a odnesou domů svůj vlastní experiment nebo výrobek. Na kroužku učíme pájet, pracovat s pilou, kladivem, řezákem i chemoprénem. A nebude chybět ani špetka chemie.",246
ulet,Adam Weiser 13.6.2024,ÚLeT+,Úžasný letní tábor pro středoškoláky,Instruktoři Brno: https://www.instruktori.cz/; Přírodovědecká fakulta MU: https://www.sci.muni.cz/; Úžasné divadlo fyziky: https://udif.cz/;,"fyzika, technické vědy",týdenní tábor,červenec,žáci 2. stupně základních škol a středních škol,http://taborulet.cz/,3793 Kč,Svatý Jiří - Sítiny,aweiser@instruktori.cz,,neexistuje,"ano, na webu",ano,"Týdenní přírodovědně-experimentální tábor (s převahou fyziky) pro účastníky vě věku od 15 let. Cílem je přemýšlet, objevovat, poznávat a užít si prázdnin! Poznáváme zde nejen svět okolo, ale taky sami sebe!",206
praktikum-prf,Zdeněk Bochníček. 13. 6. 2024,-,Fyzikální praktikum,Ústav fyziky a technologií plazmatu PřF MU: https://www.physics.muni.cz/vyzkum/vyzkumne-skupiny/df,fyzika,práce ve studentské laboratoři,říjen–leden,studenti a učitelé středních škol,https://www.physics.muni.cz/spoluprace-a-popularizace/stredni-a-zakladni-skoly/praktikum,zdarma,"Přírodovědecká fakulta MU, areál Kotlářská","Tereza Schmidtová, tschmidtova@sci.muni.cz",,neexistuje,ano,ano,Fyzikální praktikum mohou navštěvovat studentské kolektivy pod vedením svého středoškolského učitele. Praktikum je nainstalováno v místnostech fyzikálního praktika Ústavu fyzikální elektroniky a je plně technicky vybaveno včetně návodů k měření.,245
programy-prf,Zdeněk Bochníček 13. 6. 2024,-,"Pozoruhodný křemík, Mrazivý dusík",Ústav fyziky a technologií plazmatu PřF MU: https://www.physics.muni.cz/vyzkum/vyzkumne-skupiny/df,fyzika,přednášky s experimenty,celoročně,studenti a učitelé středních škol,https://www.physics.muni.cz/spoluprace-a-popularizace/stredni-a-zakladni-skoly/fyzikalni-predstaveni,30 Kč na studenta,na školách,"Tereza Schmidtová, tschmidtova@sci.muni.cz",,neexistuje,ano,ano,"Přednášky doplněné atraktivními a neobvyklými experimenty na vyžádání uskutečníme přímo na střední škole. Jsou navrženy tak, aby co nejméně narušily běžný chod školy: nemají zvláštní nároky a jejich délka je omezena na jednu vyučovací hodinu.",243
cikhaj,Zdeněk Bochníček 13. 6. 2024,-,"Fyzikální soustředění „Cikháj""",Ústav fyziky a technologií plazmatu PřF MU: https://www.physics.muni.cz/vyzkum/vyzkumne-skupiny/df,fyzika,týdenní soustředění,září,studenti a učitelé středních škol,https://www.physics.muni.cz/spoluprace-a-popularizace/stredni-a-zakladni-skoly/cikhaj,600 Kč,Cikháj,"Tereza Schmidtová, tschmidtova@sci.muni.cz",,neexistuje,ano,ano,"Tradiční soustředění, které se koná počátkem září již od roku 1995. Přednášky, fyzikální experimenty i samostatná studentská měření vždy spojuje určité jednotící téma. Odborný program doplňují sportovní a herní aktivity.",220
fyz-kavarna,Zdeněk Bochníček 13. 6. 2024,-,Fyzikální kavárna,Ústav fyziky a technologií plazmatu PřF MU: https://www.physics.muni.cz/spoluprace-a-popularizace/stredni-a-zakladni-skoly/fyzikalni-kavarna,fyzika,společenské setkání s odborným programem,celoročně,"současní a budoucí učitelé, veřejnost",https://www.physics.muni.cz/spoluprace-a-popularizace/stredni-a-zakladni-skoly/fyzikalni-kavarna,zdarma,"Přírodovědecká fakulta MU, areál Kotlářská","Tereza Schmidtová, tschmidtova@sci.muni.cz",,neexistuje,ano,ano,"Pravidelné odborné a společenské setkání určené nejen učitelům fyziky. Kavárna slouží také jako místo pro podporu učitelů fyziky, výměnu zkušeností, posílení pocitu sounáležitosti v komunitě lidí se společným zájmem a potlačení efektu „vyhoření“.",246
astro,"Vašek Glos
13.6.2024",-,Astronomický kroužek v Brně,"Ústav teoretické fyziky a astrofyziky, PřF MU: http://www.facebook.com/UTFAMUNI/",fyzika,kroužek,celoročně,žáci základních a středních škol,https://www.hvezdarna.cz/krouzek/,zdarma,Hvězdárna a planetárium Brno a Přírodovědecká fakulta MU,"Vašek Glos,
glos@physics.muni.cz",,"ano, SVG",ano,ano,"Astronomický kroužek má za úkol rozvíjet zájem dětí o vesmír a přírodní vědy. Kroužek je rozdělen do dvou skupin podle věku a znalostí dětí, aby si na své přišli jak zvídaví začátečníci, tak středoškoláci s vážným zájmem o vědu.",228
plazma,Tereza Schmidtová 17.6.2024,-,Průzkum restaurovaných předmětů,"Ústav fyziky a technologií plazmatu, PřF MU: https://www.physics.muni.cz/ustavy/uftp",fyzika,"práce v laboratoři, analýzy",celoročně,studenti a učitelé středních škol,https://www.physics.muni.cz/spoluprace-a-popularizace/stredni-a-zakladni-skoly/pruzkum-restaurovanych-predmetu,zdarma,"Přírodovědecká fakulta MU, areál Kotlářská","Tereza Schmidtová, tschmidtova@sci.muni.cz",,"ano, SVG",ano,ano,Nabízíme naše laboratoře a vybavení pro SŠ/VOŠ z oblasti restaurování a konzervování předmětů kulturního dědictví. Exkurze/stáže přiblíží studentům moderní metody v současnosti užívané k materiálovému průzkumu restaurovaných předmětů.,234
materialy,Tereza Schmidtová 17.6.2024,-,Plazma v laboratorní i technické praxi,"Ústav fyziky a technologií plazmatu, PřF MU: https://www.physics.muni.cz/ustavy/uftp",fyzika,"exkurze po laboratořích, ukázky plazmových výbojů",celoročně,studenti a učitelé středních škol,https://www.physics.muni.cz/spoluprace-a-popularizace/stredni-a-zakladni-skoly/plazma-v-laboratorni-i-technicke-praxi,zdarma,"Přírodovědecká fakulta MU, areál Kotlářská","Tereza Schmidtová, tschmidtova@sci.muni.cz",,"ano, SVG",ano,ano,Nabízíme prohlídky laboratoří s ukázkami různých plazmových výbojů a jejich působení na různé materiály a povrchy. Přiblížíme studentům čtvrté skupenství hmoty. Na naše atmosférické výboje si můžete i šáhnout! Přijděte se podívat na vědu v akci!,245
-,,,Ekonomie,,,,,,,,,,,,,,,
sem,"Miroslava Stejskalová
13. 6. 2024",SEM,Seminář ekonomických mozků,Ekonomicko-správní fakulta MU: https://www.econ.muni.cz/,ekonomie,online soutěž,září–únor,studenti středních škol,https://www.econ.muni.cz/sem,zdarma,Ekonomicko-správní fakulta MU,sem@econ.muni.cz,ano,"ano, SVG",ano,ano,"Prozkoumej svět ekonomie a financí! Přihlas se do této online soutěže a získej dovednosti, které ti pomohou ve tvém budoucím vysokoškolském vzdělávání i kariéře. Pětice nejlepších navíc získá možnost přijetí na ECON MUNI bez přijímaček.",236
touch-econ,"Miroslava Stejskalová
13. 6. 2024",TE,Touch Econ ,Ekonomicko-správní fakulta MU: https://www.econ.muni.cz/,ekonomie,"přednášky, semináře",celoročně,studenti středních škol,https://www.econ.muni.cz/touchecon,zdarma,Ekonomicko-správní fakulta MU,touchecon@econ.muni.cz,,"ano, PDF",ano,ano,"Vyzkoušej si už na střední škole život vysokoškoláka! Studuj vybrané předměty na ECON MUNI a zjisti, jaké to je chodit na přednášky, skládat zkoušky nebo psát seminární práce. Pokud navíc úspěšně absolvuješ dva předměty, promineme ti přijímačky.",245
exkurze-econ,"Miroslava Stejskalová
13. 6. 2024",-,Exkurze a ambasadoři ECON MUNI,Ekonomicko-správní fakulta MU: https://www.econ.muni.cz/,ekonomie,"přednášky, semináře",celoročně,studenti středních škol,https://www.econ.muni.cz/spoluprace/spoluprace-se-ss ,zdarma,Ekonomicko-správní fakulta MU,stredoskolaci@econ.muni.cz,,ne,ano,ano,"Vezmi svou třídu na ECON MUNI. Nebo můžeme přijet my za vámi, do vaší školy. Seznámíme vás s možnostmi studia nebo domluvíme s našimi experty zajímavou přednášku z oblasti ekonomie. Tak neváhej a domluv se se svými učiteli na oživení vaší výuky!",245
-,,,Geografie,,,,,,,,,,,,,,,
gis-day,"Vladimír Herber, 21.6.2024",-,GIS day,Geografický ústav PřF MU: https://geogr.sci.muni.cz/,vědy o Zemi,"jednodenní workshop, přednášky",polovina listopadu,"žáci středních škol, veřejnost",https://geogr.sci.muni.cz/,zdarma,Geografický ústav,Lukáš Herman 222752@mail.muni.cz,,"ano, pouze png ze stránek www.gisday.com ",ano,ano,"Přijďte s námi oslavit celosvětovou akci GIS Day! Pro studenty středních škol bude připravených několik stanovišť ve stylu šifrovací hry, kde si budou moci vyzkoušet aplikovat své poznatky ze zeměpisu a kartografie.",215
dny-geografie,"Vladimír Herber, 21.6.2024",-,Dny Geografie,Geografický ústav PřF MU: http://www.geogr.muni.cz/,vědy o Zemi,"přednášky, workshopy během jednoho týdne",polovina listopadu,"žáci středních škol, veřejnost",https://geogr.sci.muni.cz/,zdarma,Geografický ústav,katkatajovska@mail.muni.cz,,pouze ze stránek www.dnygeografie,ano,ano,"Série přednášek, workshopů na aktuální geografická témata. Chcete vědět jak se žije na antarktické stanici? Kolik létá po obloze satelitů a kde se dají sehnat snímky? Kolik stihne sociální geograf odprezentovat za 20x20s informací o svém oboru?",244
-,"Vladimír Herber, 21.6.2024",-,Série přednášek pro středoškoláky,Geografický ústav PřF MU: http://www.geogr.muni.cz/,vědy o Zemi,vyžádané přednášky,"listopad, prosinec 2024",žáci středních škol ,https://geogr.sci.muni.cz/,zdarma,Geografický ústav,dolak@sci.muni.cz,,ne,ne,ne,"Změna klimatu, její dopady a možnosti adaptace; Minulé změny klimatu a jak je zkoumat; Změna klimatu a sucho v ČR; Environmentální historie aneb stručné dějiny vývoje vztahu člověk-příroda v odraze české krajiny",211
pulden-geo,"Vladimír Herber, 21.6.2024",,Půlden studentem Geografického ústavu,Geografický ústav PřF MU: http://www.geogr.muni.cz/,vědy o Zemi,půldenní pobyt na fakultě a Geografickém ústavu,celoročně,žáci středních škol,https://geogr.sci.muni.cz/,zdarma,Geografický ústav,herber@sci.muni.cz,,ne,ano,ano,"Půldenní pobyt na Geografickém ústavu - odborná přednáška/worhshop s diskusí o možnostech studia geografie a kartografie, návštěva mapovny s prohlídkou historických atlasů, návštěva Ústřední knihovny s prohlídkou geografického fondu.",
-,,,Mezioborové akce,,,,,,,,,,,,,,,
soc,Alena Hynková 17. 6. 2024,-,SOČ: Středoškolská odborná činnost,"Masarykova univerzita: https://www.muni.cz/, www.jcmm.cz","biologie, chemie, fyzika, matematika, informatika, vědy o Zemi, ekonomie",dlouhodobá zájmová činnost,celoročně,studenti středních škol,https://prostredoskolaky.muni.cz/soc/,zdarma,Brno,alena.hynkova@jcmm.cz,ano,"ano, SVG",ne,--,"Je jedno, jestli Tě baví matematika, biologie nebo něco úplně jiného. Několik měsíců budeš přemýšlet, bádat, experimentovat, psát, konzultovat se školitelem. SOČ je zkrátka soutěž středoškoláků v řešení odborných problémů v 18 vědních oborech.",243
interlos,Monika Šlachtová (27. 6. 2024),InterLoS,Internetová logická soutěž,Fakulta informatiky MU: https://www.fi.muni.cz/; Spolek přátel severské zvěře: https://zverinec.fi.muni.cz/,"informatika, matematika",jednodenní soutěž,listopad–prosinec,"středoškoláci, vysokoškoláci, veřejnost",https://interlos.fi.muni.cz,zdarma,na internetu,interlos@fi.muni.cz,,"ano, SVG",ano,ano,"Rád programuješ, řešíš logické úlohy nebo šifry? Máš kamarády, které to také baví? Sestavte tým a přihlaste se! Úlohy se odevzdávají přes internet a mají různou obtížnost – soutěž je tedy vhodná pro začátečníky i pokročilé ze všech koutů světa.",244
intersob,Magdalena Dohnalová (13.6.2024),InterSoB,InterSoB,Fakulta informatiky MU: https://www.fi.muni.cz/; Přírodovědecká fakulta MU: http://www.sci.muni.cz/; Spolek přátel severské zvěře: https://zverinec.fi.muni.cz/,"informatika, matematika, fyzika, biologie, chemie, logika",jednodenní městská hra,duben/květen,studenti středních škol,https://intersob.fi.muni.cz,zdarma,Brno,intersob@fi.muni.cz,,"ano, SVG",ano,ano,"Jednodenní soutěž středoškolských studentů, při které máte možnost podívat se do zákulisí Masarykovy univerzity, vyzkoušet si své schopnosti v různých oblastech, udělat si s kamarády zajímavý výlet po Brně a poměřit svoje síly s dalšími týmy.",242
kscuk,Jaroslav Rohel  (25. 6. 2024),-,K-SCUK,Korespondenční seminář z informatiky: https://ksi.fi.muni.cz/; Interaktivní biologický seminář: http://ibis.sci.muni.cz/,"informatika, biologie",týdenní soustředění,září,úspěšní řešitelé seminářů KSI a IBIS,https://kscuk.fi.muni.cz,zdarma,základna na Moravě,kscuk@fi.muni.cz,,"ano, SVG",ano,ano,"Týdenní soustředění pro řešitele seminářů IBIS a KSI. Soustředění propojuje odborný program zaměřený na informatiku a biologii s rozmanitým zážitkovým programem. Odborný program je formou přednášek, workshopů, projektů a dalších vzdělávacích bloků. ",249
texkurze,Adriana Pavlů (21.6.2024),-,T-exkurze,JCMM: http://www.jcmm.cz/,"biologie, chemie, fyzika, matematika, informatika, geografie a další...",půldenní exkurze,"říjen–prosinec, duben–červen",studenti středních škol Jihomoravského kraje,http://www.jcmm.cz/projekt/t-exkurze/,zdarma,Brno,"Adriana Pavlů, adriana.pavlu@jcmm.cz",,neexistuje,ano,ano,"Ochutnej vysokoškolské studium. Navštiv laboratoře, zjisti více o oboru, který třeba budeš jednou chtít studovat. Vybereš si jedno nebo více témat, nastuduješ materiály a vyplníš test. A pak už jdeš na T-exkurzi, zkoumat, co tě zajímá.",235
-,nikdo - vyřazeno,-,Robotiáda,JCMM: http://www.jcmm.cz/,"informatika, fyzika",jednodenní soutěž,11-12. února 2022,studenti ZŠ a SŠ,http://www.robotiada.cz,zdarma,Brno,robotiada@helceletka.cz,,"ano, SVG",ano,ano,"Největší robotická soutěž v ČR pro 1–4členné týmy kluků a holek ze ZŠ a SŠ. Disciplíny jsou čára, dálkový medvěd, autonomní medvěd a sprint. Je tu i kategorie freestyle, kde můžete předvést svoji invenci a šikovnost bez omezení.",228
boh-zeme,K. Zachovalová 13.6.2024,-,Bohatství Země,"Ústav geologických věd PřF MU: http://ugv.cz/;
Ekonomicko-správní fakulta MU: https://www.econ.muni.cz/
","vědy o Zemi, ekonomie",soutěž,září–březen,studenti středních škol,http://ugv.sci.muni.cz/pro-verejnost/souteze,zdarma,Brno,"Kateřina Zachovalová, zachovalova@sci.muni.cz",ano,"ano, EPS",ano,ano,"Baví tě pracovat na komplexních projektech? Zapoj se v týmu do této mezioborové soutěže, která tě naučí, jak zacházet se surovinami naší Země. Zaměříš se na ekonomickou výhodnost těžby strategických surovin i řešení dopadů těžby na životní prostředí.",250
-,,,Akce pro učitele,,,,,,,,,,,,,,,
-,,-,Vzdělávací kurzy v rámci DVPP,"Ústav geologických věd, PřF MU: http://ugv.sci.muni.cz/",vědy o Zemi,"kurz, workshop, exkurze",celoročně,učitelé základních a středních škol,http://ugv.sci.muni.cz/pro-verejnost/akce-pro-skoly-a-verejnost,zdarma,Brno a lokality ČR,"Kateřina Zachovalová, zachovalova@sci.muni.cz",,neexistuje,ano,ano,"Jednodenní kurzy a exkurze určené pro pedagogy základních škol a gymnázií. Účastníci si prohloubí vědomosti týkající se základních geologických fenoménů, s nimiž se setkávají na školách při výuce biologie, zeměpisu a environmentální výuky.",239
-,,-,Noční exkurze za netopýry,"Ústav botaniky a zoologie, PřF MU: http://botzool.sci.muni.cz/",biologie,exkurze,září–říjen,učitelé středních škol,http://botzool.sci.muni.cz/pro-skoly,zdarma,okolí Brna,"Tomáš Bartonička, bartonic@sci.muni.cz",,neexistuje,ano,ano,"Exkurze představí zástupce našich netopýrů, zajímavosti z jejich života a možnosti ochrany jejich prostředí. Součástí exkurze je prezentace metod používaných při výzkumu netopýrů a přístrojů určených k detekci jejich výskytu.",225
-,Pavel Lízal (18.6.2024),-,Kurz genetiky a molekulární biologie pro učitele SŠ,"Ústav experimentální biologie, PřF MU: http://www.sci.muni.cz/UEB/",biologie,kurz,září,učitelé středních škol,https://ueb.sci.muni.cz/KurzGMB,1500 Kč,"Univerzitní kampus Bohunice, Brno","Pavel Lízal, lizal@sci.muni.cz",,neexistuje,ano,ano,"Dvoudenní kurz o nových trendech v genetice a molekulární biologii pro středoškolské pedagogy, jehož náplní jsou především přednášky odborníků. Program kurzu je sestaven na základě návrhů z ankety od středoškolských učitelů z předchozího ročníku.",246
-,Vladimír Herber (21. 6. 2024,,Letní Geografická škola,Geografický ústav PřF MU: http://www.geogr.muni.cz/,vědy o Zemi,"přednášky, workshopy během tří dní",16.-18.8. 202,učitelé středních škol,http://herber.kvalitne.cz/lgs.htm,825 Kč,Geografický ústav,"Vladimír Herber, herber@sci.muni.cz",,"ano, na stránkách http://herber.kvalitne.cz/lgs.htm",,,,
-,,,Akce pro veřejnost,,,,,,,,,,,,,,,
-,Eva Šmerdová 13.6.2024,-,Botanické exkurze pro veřejnost,"Ústav botaniky a zoologie, PřF MU: http://botzool.sci.muni.cz/",biologie,exkurze,celoročně,veřejnost,http://botzool.sci.muni.cz/,zdarma,Jihomoravský kraj,"Eva Šmerdová, eva.hette@seznam.cz",,neexistuje,ano,ano,Exkurze zaměřené na ukázku běžných i vzácných rostlin z různých biotopů. Jsou organizovány spolu s Českou botanickou společností na různé zajímavé lokality Jihomoravského kraje. Vítáni jsou všichni zájemci o přírodu.,216
-,,,Vyřazené akce,,,,,,,,,,,,,,,
-,,-,JavaScript pro středoškoláky,Fakulta informatiky MU: https://www.fi.muni.cz/,informatika,kroužek,září–prosinec,studenti středních škol se základy programování,https://forms.gle/nZ7M1bFTUW64MnWX7,zdarma,Fakulta informatiky MU,"Barbora Bühnová, buhnova@fi.muni.cz",,neexistuje,vzaty z Poznej FI,ano,"V rámci kurzu se seznámíme s programovacím jazykem JavaScript a objevíme jeho krásy při tvorbě vlastních jednoduchých aplikací ve webovém prohlížeči. Nevynecháme ani HTML a CSS na tvorbu webové stránky, kterou si s pomocí JavaScriptu oživíme.",242
-,Tereza Schmidtová 7.6.2023 - zůstává vyřazeno,-,Semináře z fyziky,"Ústav fyzikální elektroniky, PřF MU: http://www.physics.muni.cz/kfe/",fyzika,popularizační přednášky,celoročně,studenti středních škol,http://www.physics.muni.cz/kof/,zdarma,"Přírodovědecká fakulta MU, areál Kotlářská","Zdeněk Bochníček, zboch@physics.muni.cz",,neexistuje,ne (ilustrační),--,"Oddělení Obecné fyziky na Ústavu fyzikální elektroniky PřF MU pořádá celoročně (na nepravidelné bázi) popularizační přednášky, které jsou určené zejména pro středoškolské studenty se zájmem o zajímavá fyzikální témata.",218
-,,-,Biochemický interaktivní kvíz,"Ústav biochemie, PřF MU: http://www.ubch.sci.muni.cz/","biologie, chemie",korespondenční seminář,celoročně,studenti středních škol,http://www.ubch.sci.muni.cz,zdarma,Internet,"David Novák
dnovak@sci.muni.cz",,neexistuje,ne,--,Chcete si pomocí biochemie vysoutěžit zajímavou odměnu nebo prominout přijímací zkoušku na PřF MU? Zúčastněte se našeho kvízu! Oceníme zejména prokázané schopnosti logického myšlení. Nejlepší soutěžíci pozveme na náš ústav a s prázdnou neodejdou!,246
-,"Jaromír Literák, 13. 6. 2024",-,Dny chemie,"Ústav chemie, PřF MU: http://ustavchemie.sci.muni.cz/",chemie,"přednášky, praktická cvičení, exkurze",září,studenti středních škol,https://www.ucitseucit.cz/chemie/nabidka/dny-chemie,zdarma,"Univerzitní kampus Bohunice, Brno","Jaromír Literák, literak@chemi.muni.cz",,neexistuje,ano,ano,"Třídenní akce pro ty, kteří by se rádi dozvěděli více o studiu chemie. Pro účastníky je připravena prohlídka výzkumných laboratoří, popularizační přednášky, efektní demonstrace. Účastníci si rovněž mohou vyzkoušet jednoduché chemické preparace.",244
-,,,Nespecifické,,,,,,,,,,,,,,,
-,,-,Další akce z oboru chemie,"Ústav chemie, PřF MU: http://ustavchemie.sci.muni.cz/",chemie,různé jednodenní akce,celoročně,studenti a učitelé středních škol,http://inovace.chemi.muni.cz/,zdarma,"Univerzitní kampus Bohunice, Brno","Jaromír Literák, literak@chemi.muni.cz",,neexistuje,ano,ano,"Ústav chemie pravidelně pořádá pro středoškoláky a jejich učitele jednodenní akce, jejichž program se přizpůsobuje zájmu škol a obvykle zahrnuje popularizační přednášky, prohlídky laboratoří, demonstrační experimenty a laboratorní cvičení.",239
-,,-,Aktivity Centra pro výzkum toxických látek v prostředí (RECETOX),"RECETOX, PřF MI: http://www.recetox.muni.cz",biologie,jednodenní seminář ,celoročně,studenti a učitelé středních škol,http://www.recetox.muni.cz/,dohodou,různé,"Jaromír Literák, literak@chemi.muni.cz",,neexistuje,?,?,,0
-,,,Neaktualizované,,,,,,,,,,,,,,,
-,,AND01,Android pro středoškoláky,Fakulta informatiky MU: https://www.fi.muni.cz/; Czechitas: https://www.czechitas.cz/,informatika,týdenní seminář,únor–květen,studenti středních škol se základy programování,https://is.muni.cz/elportal/ekurzy/AND01,zdarma,Fakulta informatiky MU,"Barbora Bühnová, buhnova@fi.muni.cz",,"ano, SVG",ano,"ano, autor Tomáš Kučera, práva FI MU","Tříměsíční kurz, na kterém se seznámí se základy programování mobilních aplikací pro platformu Android. Studenti se seznámí s programovacím jazykem Java, navrhnou grafické rozhraní mobilní aplikace a odnesou si funkční aplikaci.",228
-,,-,Letní škola mikrobiologie,?,biologie,"třídenní soustředění, přednášky a praktická cvičení",září,studenti středních škol,http://www.veda.muni.cz,,"Brno, Univerzitní kampus Bohunice","Andrea Vávrová, mikrobiologie.brno@gmail.com",,?,?,?,,0
-,,-,De factoX,"VIDA! science centrum: https://vida.cz/; RECETOX, PřF MU: http://www.recetox.muni.cz/; Střední průmyslová škola chemická Brno: http://www.spschbr.cz/cs/",chemie,letní tábor,červenec,studenti SŠ,https://vida.cz/doprovodny-program/de-factox,zdarma,VIDA! Science centrum,radka.zounkova@vida.cz,,ano,ano,ano,"Pětidenní akce pro ty, kteří se chtějí dozvědět více o chemických látkách v životním prostředí, vyzkoušet si práci ve špičkové laboratoři, analýzu vlastních vzorků, prezentaci výsledků před veřejností a poznat, kdy nám někdo chce něco nalhat.",242
-,,-,RECETOX ručně,"RECETOX, PřF MU: http://recetox.muni.cz/","biologie, chemie",jednodenní workshop,leden–únor,studenti středních škol,https://www.recetox.muni.cz/spoluprace/spoluprace-se-strednimi-skolami,zdarma,"Univerzitní kampus Bohunice, Brno","Kateřina Nováková, katerina.novakova@recetox.muni.cz",,"ano, PDF",ano,ano,"V čem jsou nebezpečné účtenky z obchodu a zpomalovače hoření? Proč ryby v řekách mění pohlaví? Přijďte se podívat na 1 den k nám na RECETOX. Vlastníma rukama si vyzkoušíte práci s živými organismy v našich laboratořích.",220
-,,-,N-trophy,JCMM: http://www.jcmm.cz/,"biologie, chemie, fyzika, logika",domácí kvalifikace + víkendová soutěž,únor–březen,studenti středních škol,https://ntrophy.cz/,zdarma,kdekoliv; Brno,info@ntrophy.cz,,"ano, SVG",ano,ano,"Soutěž pro tříčlenné týmy středoškoláků, kteří se nebojí vědy a experimentu. Kvalifikace je otevřena všem a úlohy řešíš z pohodlí domova. Ve finále to otestuješ i v laboratořích MU, kde je vše spojeno v jeden příběh. Máš na to? Slož tým a dokaž to!",248